<?xml version = '1.0' encoding = 'UTF-8'?>
<Table class="oracle.dbtools.crest.model.design.relational.Table" directorySegmentName="seg_0" id="7BACE13D-9307-E004-6BA1-FF91FB2FA3E9" name="Resgate">
<createdBy>user</createdBy>
<createdTime>2016-10-15 20:56:01 UTC</createdTime>
<generatorID>03E98FE0-B9E0-5A95-A177-DDE9E4A49EDB</generatorID>
<ownerDesignName>Projeto_Gamification</ownerDesignName>
<allowColumnReorder>false</allowColumnReorder>
<existDependencyGenerateInDDl>true</existDependencyGenerateInDDl>
<parsed>true</parsed>
<columns itemClass="oracle.dbtools.crest.model.design.relational.Column">
<Column name="IDResgate" id="492DF4E1-3017-BA1B-8440-AE2014A9F783">
<createdBy>user</createdBy>
<createdTime>2016-10-15 20:56:01 UTC</createdTime>
<generatorID>F836FDCD-01D4-3EA8-CA50-B5A3D896AA5C</generatorID>
<ownerDesignName>Projeto_Gamification</ownerDesignName>
<useDomainConstraints>false</useDomainConstraints>
<use>1</use>
<logicalDatatype>LOGDT011</logicalDatatype>
<ownDataTypeParameters>,,</ownDataTypeParameters>
<autoIncrementCycle>false</autoIncrementCycle>
</Column>
<Column name="IDSolicitante" id="A2D843B5-70DC-447F-8296-A262CEA3DD1C">
<createdBy>regis.martiny</createdBy>
<createdTime>2016-10-17 17:44:02 UTC</createdTime>
<ownerDesignName>Projeto_Gamification</ownerDesignName>
<useDomainConstraints>false</useDomainConstraints>
<use>1</use>
<logicalDatatype>LOGDT011</logicalDatatype>
<ownDataTypeParameters>,,</ownDataTypeParameters>
<previousColumn>false</previousColumn>
<autoIncrementCycle>false</autoIncrementCycle>
<associations>
<colAssociation fkAssociation="66D29D5F-FAC6-5E9A-DEFC-62A4D142C7BE" referredColumn="DE739081-FDCE-8720-7B98-8A1857B2891B"/>
</associations>
</Column>
<Column name="TextoEquivalente" id="D3AC54BC-40B9-5C87-F98E-4548DF265252">
<createdBy>user</createdBy>
<createdTime>2016-10-15 20:56:01 UTC</createdTime>
<generatorID>7A1CBF2D-590A-37CE-0505-841B2B5D9E6B</generatorID>
<ownerDesignName>Projeto_Gamification</ownerDesignName>
<nullsAllowed>true</nullsAllowed>
<useDomainConstraints>false</useDomainConstraints>
<use>1</use>
<logicalDatatype>LOGDT024</logicalDatatype>
<ownDataTypeParameters>,,</ownDataTypeParameters>
<autoIncrementCycle>false</autoIncrementCycle>
</Column>
<Column name="Status" id="27BCAD64-765A-611E-5224-B6EA2CA6FCFA">
<createdBy>user</createdBy>
<createdTime>2016-10-15 20:56:01 UTC</createdTime>
<generatorID>6F51F4AE-63C0-4563-4F46-AFD664BE3FFC</generatorID>
<ownerDesignName>Projeto_Gamification</ownerDesignName>
<useDomainConstraints>false</useDomainConstraints>
<use>1</use>
<logicalDatatype>LOGDT006</logicalDatatype>
<dataTypeSize>1</dataTypeSize>
<defaultValue>FALSE</defaultValue>
<ownDataTypeParameters>1,,</ownDataTypeParameters>
<autoIncrementCycle>false</autoIncrementCycle>
</Column>
<Column name="Valor" id="92CD305C-937F-BB81-F24B-2F1C4A53562A">
<createdBy>regis.martiny</createdBy>
<createdTime>2016-10-17 15:51:25 UTC</createdTime>
<ownerDesignName>Projeto_Gamification</ownerDesignName>
<useDomainConstraints>false</useDomainConstraints>
<use>1</use>
<logicalDatatype>LOGDT026</logicalDatatype>
<dataTypePrecision>10</dataTypePrecision>
<dataTypeScale>2</dataTypeScale>
<usesDefaultValue>true</usesDefaultValue>
<defaultValue>0</defaultValue>
<ownDataTypeParameters>,10,2</ownDataTypeParameters>
<autoIncrementCycle>false</autoIncrementCycle>
</Column>
<Column name="PontuacaoTotal" id="2E30764B-DF04-67DB-076D-A708DDE60111">
<createdBy>regis.martiny</createdBy>
<createdTime>2016-10-17 19:07:03 UTC</createdTime>
<ownerDesignName>Projeto_Gamification</ownerDesignName>
<useDomainConstraints>false</useDomainConstraints>
<use>1</use>
<logicalDatatype>LOGDT011</logicalDatatype>
<ownDataTypeParameters>,,</ownDataTypeParameters>
<autoIncrementCycle>false</autoIncrementCycle>
</Column>
</columns>
<indexes itemClass="oracle.dbtools.crest.model.design.relational.Index">
<ind_PK_UK id="76F9921E-8DBC-B9E2-4B09-E33499CF0DC3" name="Resgate_PK">
<createdBy>user</createdBy>
<createdTime>2016-10-15 20:56:01 UTC</createdTime>
<generatorID>8671FB91-D944-392D-3011-EA9973D3EA6F</generatorID>
<ownerDesignName>Projeto_Gamification</ownerDesignName>
<pk>true</pk>
<indexState>Primary Constraint</indexState>
<isSurrogateKey>false</isSurrogateKey>
<indexColumnUsage>
<colUsage columnID="492DF4E1-3017-BA1B-8440-AE2014A9F783"/>
</indexColumnUsage>
</ind_PK_UK>
<ind_PK_UK id="EB12537D-36E0-C65C-0862-45A1AAA35BF5" name="Resgate_Colaborador_FK">
<createdBy>regis.martiny</createdBy>
<createdTime>2016-10-17 17:44:01 UTC</createdTime>
<generatorID>C5E9B13D-7DCB-859B-DD4F-0576E4A9D13F</generatorID>
<ownerDesignName>Projeto_Gamification</ownerDesignName>
<indexState>Foreign Key</indexState>
<isSurrogateKey>false</isSurrogateKey>
<indexColumnUsage>
<colUsage columnID="A2D843B5-70DC-447F-8296-A262CEA3DD1C"/>
</indexColumnUsage>
</ind_PK_UK>
</indexes>
</Table>