<?xml version = '1.0' encoding = 'UTF-8'?>
<Table class="oracle.dbtools.crest.model.design.relational.Table" directorySegmentName="seg_0" id="C09CDD1F-2B3B-6655-797E-6C5120C9D8C3" name="Lancamento">
<createdBy>user</createdBy>
<createdTime>2016-10-15 20:56:01 UTC</createdTime>
<generatorID>99AC1DD6-65BF-6026-318B-ED5B4F57FCAD</generatorID>
<ownerDesignName>Projeto_Gamification</ownerDesignName>
<allowColumnReorder>false</allowColumnReorder>
<existDependencyGenerateInDDl>true</existDependencyGenerateInDDl>
<parsed>true</parsed>
<columns itemClass="oracle.dbtools.crest.model.design.relational.Column">
<Column name="IDLancamento" id="432EFE85-7C39-5920-46D5-CF27BF5D7606">
<createdBy>user</createdBy>
<createdTime>2016-10-15 20:56:01 UTC</createdTime>
<generatorID>64CD1AB5-63AE-3391-866A-C0306D07159C</generatorID>
<ownerDesignName>Projeto_Gamification</ownerDesignName>
<useDomainConstraints>false</useDomainConstraints>
<use>1</use>
<logicalDatatype>LOGDT011</logicalDatatype>
<ownDataTypeParameters>,,</ownDataTypeParameters>
<autoIncrementCycle>false</autoIncrementCycle>
</Column>
<Column name="IDCategoria" id="E0D3AD7D-84FA-4B10-25F3-9AD7E8A1443A">
<createdBy>regis.martiny</createdBy>
<createdTime>2016-10-17 16:12:31 UTC</createdTime>
<ownerDesignName>Projeto_Gamification</ownerDesignName>
<useDomainConstraints>false</useDomainConstraints>
<use>1</use>
<logicalDatatype>LOGDT011</logicalDatatype>
<ownDataTypeParameters>,,</ownDataTypeParameters>
<previousColumn>false</previousColumn>
<autoIncrementCycle>false</autoIncrementCycle>
<associations>
<colAssociation fkAssociation="39B10991-4193-44E4-B63D-07486AC6F76A" referredColumn="48EFF204-1E1B-DA76-08AB-965494CE0FF9"/>
</associations>
</Column>
<Column name="IDSolicitante" id="5BB48B05-D579-2C9D-F37A-0A3BF8F97852">
<createdBy>regis.martiny</createdBy>
<createdTime>2016-10-17 16:12:57 UTC</createdTime>
<ownerDesignName>Projeto_Gamification</ownerDesignName>
<useDomainConstraints>false</useDomainConstraints>
<use>1</use>
<logicalDatatype>LOGDT011</logicalDatatype>
<ownDataTypeParameters>,,</ownDataTypeParameters>
<previousColumn>false</previousColumn>
<autoIncrementCycle>false</autoIncrementCycle>
<associations>
<colAssociation fkAssociation="2944A064-F11D-E574-DF24-3FC3D1093E3B" referredColumn="DE739081-FDCE-8720-7B98-8A1857B2891B"/>
</associations>
</Column>
<Column name="IDColaboradorResponsavel" id="73476BC2-A082-958C-D119-31109AA6528E">
<createdBy>regis.martiny</createdBy>
<createdTime>2016-10-17 16:15:11 UTC</createdTime>
<ownerDesignName>Projeto_Gamification</ownerDesignName>
<useDomainConstraints>false</useDomainConstraints>
<use>1</use>
<logicalDatatype>LOGDT011</logicalDatatype>
<ownDataTypeParameters>,,</ownDataTypeParameters>
<previousColumn>false</previousColumn>
<autoIncrementCycle>false</autoIncrementCycle>
<associations>
<colAssociation fkAssociation="2F9835DB-F753-E5C8-613A-15BBC2D70F37" referredColumn="C19D9ACC-CF50-0DF5-DF19-AA65320E68A9"/>
</associations>
</Column>
<Column name="IDColaboradorAprovador" id="4B087968-F0C8-130A-62AF-C20D5781D949">
<createdBy>regis.martiny</createdBy>
<createdTime>2016-10-17 16:15:21 UTC</createdTime>
<ownerDesignName>Projeto_Gamification</ownerDesignName>
<nullsAllowed>true</nullsAllowed>
<useDomainConstraints>false</useDomainConstraints>
<use>1</use>
<logicalDatatype>LOGDT011</logicalDatatype>
<ownDataTypeParameters>,,</ownDataTypeParameters>
<autoIncrementCycle>false</autoIncrementCycle>
<associations>
<colAssociation fkAssociation="8CA35B0C-21A2-29BF-DA33-893C7885C269" referredColumn="231E795F-9B2B-5FE6-9113-F61DC7B45608"/>
</associations>
</Column>
<Column name="DataRegistro" id="6EBCF7FD-D91A-CBA0-0AD6-04E22184E555">
<createdBy>user</createdBy>
<createdTime>2016-10-15 20:56:01 UTC</createdTime>
<generatorID>D8B20804-572B-8E10-9C9E-2E4D48B8A73F</generatorID>
<ownerDesignName>Projeto_Gamification</ownerDesignName>
<useDomainConstraints>false</useDomainConstraints>
<use>1</use>
<logicalDatatype>LOGDT008</logicalDatatype>
<ownDataTypeParameters>,,</ownDataTypeParameters>
<autoIncrementCycle>false</autoIncrementCycle>
</Column>
<Column name="DescricaoAcaoRealizada" id="A01A7451-6B3D-D29F-AF6E-61654793E8E6">
<createdBy>user</createdBy>
<createdTime>2016-10-15 20:56:01 UTC</createdTime>
<generatorID>AB34F639-6FD7-5908-53A3-45ED6A3CFFF2</generatorID>
<ownerDesignName>Projeto_Gamification</ownerDesignName>
<useDomainConstraints>false</useDomainConstraints>
<use>1</use>
<logicalDatatype>LOGDT024</logicalDatatype>
<dataTypeSize>50</dataTypeSize>
<ownDataTypeParameters>50,,</ownDataTypeParameters>
<autoIncrementCycle>false</autoIncrementCycle>
</Column>
<Column name="DescricaoPublica" id="F9DE1A7E-0DC9-4B6D-9110-77A6EB0B6DD6">
<createdBy>user</createdBy>
<createdTime>2016-10-15 20:56:01 UTC</createdTime>
<generatorID>4ACDE58A-C0A8-D81B-B947-79EA1E086E2E</generatorID>
<ownerDesignName>Projeto_Gamification</ownerDesignName>
<useDomainConstraints>false</useDomainConstraints>
<use>1</use>
<logicalDatatype>LOGDT024</logicalDatatype>
<dataTypeSize>50</dataTypeSize>
<ownDataTypeParameters>50,,</ownDataTypeParameters>
<autoIncrementCycle>false</autoIncrementCycle>
</Column>
<Column name="Status" id="6DD5772A-60AD-67C3-91B5-A94A12F154EB">
<createdBy>user</createdBy>
<createdTime>2016-10-15 20:56:01 UTC</createdTime>
<generatorID>1FE2CB59-18E0-EEE6-8E63-34CDA9111E1D</generatorID>
<ownerDesignName>Projeto_Gamification</ownerDesignName>
<useDomainConstraints>false</useDomainConstraints>
<use>1</use>
<logicalDatatype>LOGDT006</logicalDatatype>
<dataTypeSize>1</dataTypeSize>
<defaultValue>FALSE</defaultValue>
<ownDataTypeParameters>1,,</ownDataTypeParameters>
<autoIncrementCycle>false</autoIncrementCycle>
</Column>
</columns>
<indexes itemClass="oracle.dbtools.crest.model.design.relational.Index">
<ind_PK_UK id="33D2B80C-2336-80AF-0E01-C5AFEE76E972" name="Lancamento_PK">
<createdBy>user</createdBy>
<createdTime>2016-10-15 20:56:01 UTC</createdTime>
<generatorID>4C15F471-B491-7561-68DC-3B053289A2DF</generatorID>
<ownerDesignName>Projeto_Gamification</ownerDesignName>
<pk>true</pk>
<indexState>Primary Constraint</indexState>
<isSurrogateKey>false</isSurrogateKey>
<indexColumnUsage>
<colUsage columnID="432EFE85-7C39-5920-46D5-CF27BF5D7606"/>
</indexColumnUsage>
</ind_PK_UK>
<ind_PK_UK id="86EF2472-DE2A-4BD4-81E5-78CD2E1DD3AE" name="Lancamento_Categoria_FK">
<createdBy>regis.martiny</createdBy>
<createdTime>2016-10-17 16:12:31 UTC</createdTime>
<generatorID>F4F2363A-A51D-8B9C-BBF8-B60EDD6D7B9A</generatorID>
<ownerDesignName>Projeto_Gamification</ownerDesignName>
<indexState>Foreign Key</indexState>
<isSurrogateKey>false</isSurrogateKey>
<indexColumnUsage>
<colUsage columnID="E0D3AD7D-84FA-4B10-25F3-9AD7E8A1443A"/>
</indexColumnUsage>
</ind_PK_UK>
<ind_PK_UK id="E0E3E586-E4DA-3571-C9C8-D8BC0A109932" name="Lancamento_Colaborador_FK">
<createdBy>regis.martiny</createdBy>
<createdTime>2016-10-17 16:12:57 UTC</createdTime>
<generatorID>C5E9B13D-7DCB-859B-DD4F-0576E4A9D13F</generatorID>
<ownerDesignName>Projeto_Gamification</ownerDesignName>
<indexState>Foreign Key</indexState>
<isSurrogateKey>false</isSurrogateKey>
<indexColumnUsage>
<colUsage columnID="5BB48B05-D579-2C9D-F37A-0A3BF8F97852"/>
</indexColumnUsage>
</ind_PK_UK>
<ind_PK_UK id="A03DE685-5E8D-4595-9F90-9B4729E398C4" name="Lancamento_CategoriaColaboradorResponsavel_FK">
<createdBy>regis.martiny</createdBy>
<createdTime>2016-10-17 16:15:11 UTC</createdTime>
<generatorID>62A30FFA-8C47-9820-6B13-9EF9BFD5F817</generatorID>
<ownerDesignName>Projeto_Gamification</ownerDesignName>
<indexState>Foreign Key</indexState>
<isSurrogateKey>false</isSurrogateKey>
<indexColumnUsage>
<colUsage columnID="73476BC2-A082-958C-D119-31109AA6528E"/>
</indexColumnUsage>
</ind_PK_UK>
<ind_PK_UK id="6A787E8A-E40E-49DF-A029-D9C7BFB895A3" name="Lancamento_CategoriaColaboradorAprovador_FK">
<createdBy>regis.martiny</createdBy>
<createdTime>2016-10-17 16:29:33 UTC</createdTime>
<generatorID>B47976F9-6ED1-C6E1-74E0-447B5E928529</generatorID>
<ownerDesignName>Projeto_Gamification</ownerDesignName>
<indexState>Foreign Key</indexState>
<isSurrogateKey>false</isSurrogateKey>
<indexColumnUsage>
<colUsage columnID="4B087968-F0C8-130A-62AF-C20D5781D949"/>
</indexColumnUsage>
</ind_PK_UK>
</indexes>
</Table>