<?xml version = '1.0' encoding = 'UTF-8'?>
<FKIndexAssociation class="oracle.dbtools.crest.model.design.relational.FKIndexAssociation" directorySegmentName="seg_0" id="23A41AD7-3844-6988-7592-218A32BD9A81" containerWithKeyObject="8F5F234C-0FB4-F37C-3222-D4320956F711" localFKIndex="C8CDF73D-358C-71F7-399D-B7F0A902023D" name="FK_ResgateColaborador_Colaborador">
<createdBy>user</createdBy>
<createdTime>2016-10-15 20:56:01 UTC</createdTime>
<generatorID>F877F1CF-3C16-ADF7-05F8-61A6260140B8</generatorID>
<ownerDesignName>Projeto_Gamification</ownerDesignName>
<deleteRule>NO ACTION</deleteRule>
<referredTableID>862A90C8-5108-0541-72C6-7F2756BEAAB1</referredTableID>
<keyObject>DFDBA309-0D48-83B7-BE2B-D73BC8C8779F</keyObject>
<referredKeyID>DFDBA309-0D48-83B7-BE2B-D73BC8C8779F</referredKeyID>
<mandatory>true</mandatory>
<transferable>true</transferable>
<rely>false</rely>
<columnDependencyConstraintGenerateInDDL>true</columnDependencyConstraintGenerateInDDL>
</FKIndexAssociation>