<?xml version = '1.0' encoding = 'UTF-8'?>
<FKIndexAssociation class="oracle.dbtools.crest.model.design.relational.FKIndexAssociation" directorySegmentName="seg_0" id="2944A064-F11D-E574-DF24-3FC3D1093E3B" containerWithKeyObject="C09CDD1F-2B3B-6655-797E-6C5120C9D8C3" localFKIndex="E0E3E586-E4DA-3571-C9C8-D8BC0A109932" name="Lancamento_Colaborador_FK">
<createdBy>regis.martiny</createdBy>
<createdTime>2016-10-17 16:12:57 UTC</createdTime>
<generatorID>C5E9B13D-7DCB-859B-DD4F-0576E4A9D13F</generatorID>
<ownerDesignName>Projeto_Gamification</ownerDesignName>
<deleteRule>NO ACTION</deleteRule>
<referredTableID>862A90C8-5108-0541-72C6-7F2756BEAAB1</referredTableID>
<keyObject>DFDBA309-0D48-83B7-BE2B-D73BC8C8779F</keyObject>
<referredKeyID>DFDBA309-0D48-83B7-BE2B-D73BC8C8779F</referredKeyID>
<mandatory>true</mandatory>
<transferable>true</transferable>
<rely>false</rely>
<columnDependencyConstraintGenerateInDDL>true</columnDependencyConstraintGenerateInDDL>
</FKIndexAssociation>