<?xml version = '1.0' encoding = 'UTF-8'?>
<FKIndexAssociation class="oracle.dbtools.crest.model.design.relational.FKIndexAssociation" directorySegmentName="seg_0" id="39B10991-4193-44E4-B63D-07486AC6F76A" containerWithKeyObject="C09CDD1F-2B3B-6655-797E-6C5120C9D8C3" localFKIndex="86EF2472-DE2A-4BD4-81E5-78CD2E1DD3AE" name="Lancamento_Categoria_FK">
<createdBy>regis.martiny</createdBy>
<createdTime>2016-10-17 16:12:31 UTC</createdTime>
<generatorID>F4F2363A-A51D-8B9C-BBF8-B60EDD6D7B9A</generatorID>
<ownerDesignName>Projeto_Gamification</ownerDesignName>
<deleteRule>NO ACTION</deleteRule>
<referredTableID>BC4F0529-967E-4BBE-C169-93DAC509C6C1</referredTableID>
<keyObject>E74E82BF-3C0B-0F25-D9B0-4CCD076AEA3E</keyObject>
<referredKeyID>E74E82BF-3C0B-0F25-D9B0-4CCD076AEA3E</referredKeyID>
<mandatory>true</mandatory>
<transferable>true</transferable>
<rely>false</rely>
<columnDependencyConstraintGenerateInDDL>true</columnDependencyConstraintGenerateInDDL>
</FKIndexAssociation>