<?xml version = '1.0' encoding = 'UTF-8'?>
<Diagram class="oracle.dbtools.crest.swingui.relational.DPVRelational" name="Relational_1" id="CE2BE92C-BC8B-9906-7476-111A727FECCE">
<createdBy>user</createdBy>
<modifiedBy>user</modifiedBy>
<createdTime>2016-10-15 20:55:51 UTC</createdTime>
<autoRoute>false</autoRoute>
<boxInbox>true</boxInbox>
<showLegend>false</showLegend>
<showLabels>false</showLabels>
<showRelAttributes>false</showRelAttributes>
<gridEnabled>false</gridEnabled>
<showGrid>false</showGrid>
<diagramColor>-1</diagramColor>
<display>false</display>
<notation>1</notation>
<objectViews>
<OView class="oracle.dbtools.crest.swingui.relational.TVTable" oid="23DC30B5-79D3-F5D7-3771-F9A6615E8FE7" otype="Table" vid="FA101724-99F3-0F41-B53F-7C26EB408C12">
<hideElementsInCurrentOnly>false</hideElementsInCurrentOnly>
<bounds x="298" y="28" width="237" height="133"/>
</OView>
<OView class="oracle.dbtools.crest.swingui.relational.TVTable" oid="59EAA5AE-DE6A-77D1-31AA-7EF10480438E" otype="Table" vid="7C8FB027-4EAA-47F7-F90A-FC906D40DCD5">
<hideElementsInCurrentOnly>false</hideElementsInCurrentOnly>
<bounds x="718" y="446" width="214" height="145"/>
</OView>
<OView class="oracle.dbtools.crest.swingui.relational.TVTable" oid="7BACE13D-9307-E004-6BA1-FF91FB2FA3E9" otype="Table" vid="F17E2452-0585-09B8-2A94-D2AAEBB469D3">
<hideElementsInCurrentOnly>false</hideElementsInCurrentOnly>
<bounds x="257" y="455" width="195" height="145"/>
</OView>
<OView class="oracle.dbtools.crest.swingui.relational.TVTable" oid="862A90C8-5108-0541-72C6-7F2756BEAAB1" otype="Table" vid="86B674A8-8BD1-B643-BBCF-7B532B1E64A3">
<hideElementsInCurrentOnly>false</hideElementsInCurrentOnly>
<bounds x="17" y="0" width="225" height="147"/>
</OView>
<OView class="oracle.dbtools.crest.swingui.relational.TVTable" oid="8F5F234C-0FB4-F37C-3222-D4320956F711" otype="Table" vid="432A17FA-B08B-1710-37AD-1A76360B7E27">
<hideElementsInCurrentOnly>false</hideElementsInCurrentOnly>
<bounds x="12" y="454" width="212" height="138"/>
</OView>
<OView class="oracle.dbtools.crest.swingui.relational.TVTable" oid="B9229082-0704-7671-EE74-03B9E9C4F3A4" otype="Table" vid="FE7D2D86-B480-F98E-806E-DC6C2E3C0066">
<hideElementsInCurrentOnly>false</hideElementsInCurrentOnly>
<bounds x="356" y="314" width="231" height="133"/>
</OView>
<OView class="oracle.dbtools.crest.swingui.relational.TVTable" oid="BC4F0529-967E-4BBE-C169-93DAC509C6C1" otype="Table" vid="EFCCFF3C-803E-6608-6795-EFA311F98978">
<hideElementsInCurrentOnly>false</hideElementsInCurrentOnly>
<bounds x="435" y="194" width="202" height="88"/>
</OView>
<OView class="oracle.dbtools.crest.swingui.relational.TVTable" oid="C09CDD1F-2B3B-6655-797E-6C5120C9D8C3" otype="Table" vid="6F4872F8-00AB-BDF8-E9D3-A1EA87E1F9B6">
<hideElementsInCurrentOnly>false</hideElementsInCurrentOnly>
<bounds x="689" y="8" width="249" height="233"/>
</OView>
<OView class="oracle.dbtools.crest.swingui.relational.TVTable" oid="D20D0FB3-767F-FEFD-C7EF-597307B08CF8" otype="Table" vid="56CECBF0-2100-399D-53B6-A5791C2A5D49">
<hideElementsInCurrentOnly>false</hideElementsInCurrentOnly>
<bounds x="486" y="457" width="200" height="134"/>
</OView>
</objectViews>
<connectors>
<Connector class="oracle.dbtools.crest.swingui.relational.TVFKRelation" oid="1E519EAD-A5E8-2991-C2F4-65B0C9D6F54C" otype="FKIndexAssociation" vid_source="F17E2452-0585-09B8-2A94-D2AAEBB469D3" vid_target="56CECBF0-2100-399D-53B6-A5791C2A5D49">
<hideElementsInCurrentOnly>false</hideElementsInCurrentOnly>
<lineWidth>1</lineWidth>
<points>
<point x="452" y="524"/>
<point x="486" y="524"/>
</points>
</Connector>
<Connector class="oracle.dbtools.crest.swingui.relational.TVFKRelation" oid="23A41AD7-3844-6988-7592-218A32BD9A81" otype="FKIndexAssociation" vid_source="86B674A8-8BD1-B643-BBCF-7B532B1E64A3" vid_target="432A17FA-B08B-1710-37AD-1A76360B7E27">
<hideElementsInCurrentOnly>false</hideElementsInCurrentOnly>
<lineWidth>1</lineWidth>
<points>
<point x="110" y="147"/>
<point x="110" y="454"/>
</points>
</Connector>
<Connector class="oracle.dbtools.crest.swingui.relational.TVFKRelation" oid="2944A064-F11D-E574-DF24-3FC3D1093E3B" otype="FKIndexAssociation" vid_source="86B674A8-8BD1-B643-BBCF-7B532B1E64A3" vid_target="6F4872F8-00AB-BDF8-E9D3-A1EA87E1F9B6">
<hideElementsInCurrentOnly>false</hideElementsInCurrentOnly>
<lineWidth>1</lineWidth>
<points>
<point x="242" y="18"/>
<point x="689" y="19"/>
</points>
</Connector>
<Connector class="oracle.dbtools.crest.swingui.relational.TVFKRelation" oid="2F9835DB-F753-E5C8-613A-15BBC2D70F37" otype="FKIndexAssociation" vid_source="FA101724-99F3-0F41-B53F-7C26EB408C12" vid_target="6F4872F8-00AB-BDF8-E9D3-A1EA87E1F9B6">
<hideElementsInCurrentOnly>false</hideElementsInCurrentOnly>
<lineWidth>1</lineWidth>
<points>
<point x="535" y="94"/>
<point x="689" y="94"/>
</points>
</Connector>
<Connector class="oracle.dbtools.crest.swingui.relational.TVFKRelation" oid="39B10991-4193-44E4-B63D-07486AC6F76A" otype="FKIndexAssociation" vid_source="EFCCFF3C-803E-6608-6795-EFA311F98978" vid_target="6F4872F8-00AB-BDF8-E9D3-A1EA87E1F9B6">
<hideElementsInCurrentOnly>false</hideElementsInCurrentOnly>
<lineWidth>1</lineWidth>
<points>
<point x="637" y="217"/>
<point x="689" y="217"/>
</points>
</Connector>
<Connector class="oracle.dbtools.crest.swingui.relational.TVFKRelation" oid="4B987CE8-1249-5154-11F4-DABD029D18D0" otype="FKIndexAssociation" vid_source="EFCCFF3C-803E-6608-6795-EFA311F98978" vid_target="FA101724-99F3-0F41-B53F-7C26EB408C12">
<hideElementsInCurrentOnly>false</hideElementsInCurrentOnly>
<lineWidth>1</lineWidth>
<points>
<point x="485" y="194"/>
<point x="485" y="161"/>
</points>
</Connector>
<Connector class="oracle.dbtools.crest.swingui.relational.TVFKRelation" oid="587FCF57-3128-5CAE-F18E-43A4602890E1" otype="FKIndexAssociation" vid_source="86B674A8-8BD1-B643-BBCF-7B532B1E64A3" vid_target="FE7D2D86-B480-F98E-806E-DC6C2E3C0066">
<hideElementsInCurrentOnly>false</hideElementsInCurrentOnly>
<lineWidth>1</lineWidth>
<points>
<point x="129" y="147"/>
<point x="471" y="314"/>
</points>
</Connector>
<Connector class="oracle.dbtools.crest.swingui.relational.TVFKRelation" oid="62BF1CF2-032E-7A84-6F25-78740FBCB93A" otype="FKIndexAssociation" vid_source="7C8FB027-4EAA-47F7-F90A-FC906D40DCD5" vid_target="56CECBF0-2100-399D-53B6-A5791C2A5D49">
<hideElementsInCurrentOnly>false</hideElementsInCurrentOnly>
<lineWidth>1</lineWidth>
<points>
<point x="718" y="524"/>
<point x="686" y="524"/>
</points>
</Connector>
<Connector class="oracle.dbtools.crest.swingui.relational.TVFKRelation" oid="66D29D5F-FAC6-5E9A-DEFC-62A4D142C7BE" otype="FKIndexAssociation" vid_source="86B674A8-8BD1-B643-BBCF-7B532B1E64A3" vid_target="F17E2452-0585-09B8-2A94-D2AAEBB469D3">
<hideElementsInCurrentOnly>false</hideElementsInCurrentOnly>
<lineWidth>1</lineWidth>
<points>
<point x="129" y="147"/>
<point x="354" y="455"/>
</points>
</Connector>
<Connector class="oracle.dbtools.crest.swingui.relational.TVFKRelation" oid="86FF88C4-AE96-10EB-D706-22C9A4BD1460" otype="FKIndexAssociation" vid_source="86B674A8-8BD1-B643-BBCF-7B532B1E64A3" vid_target="FA101724-99F3-0F41-B53F-7C26EB408C12">
<hideElementsInCurrentOnly>false</hideElementsInCurrentOnly>
<lineWidth>1</lineWidth>
<points>
<point x="242" y="87"/>
<point x="298" y="87"/>
</points>
</Connector>
<Connector class="oracle.dbtools.crest.swingui.relational.TVFKRelation" oid="8CA35B0C-21A2-29BF-DA33-893C7885C269" otype="FKIndexAssociation" vid_source="FE7D2D86-B480-F98E-806E-DC6C2E3C0066" vid_target="6F4872F8-00AB-BDF8-E9D3-A1EA87E1F9B6">
<hideElementsInCurrentOnly>false</hideElementsInCurrentOnly>
<lineWidth>1</lineWidth>
<points>
<point x="587" y="384"/>
<point x="927" y="241"/>
</points>
</Connector>
<Connector class="oracle.dbtools.crest.swingui.relational.TVFKRelation" oid="DD8C4279-E40E-9D21-AF8C-D6E187EF3940" otype="FKIndexAssociation" vid_source="EFCCFF3C-803E-6608-6795-EFA311F98978" vid_target="FE7D2D86-B480-F98E-806E-DC6C2E3C0066">
<hideElementsInCurrentOnly>false</hideElementsInCurrentOnly>
<lineWidth>1</lineWidth>
<points>
<point x="511" y="282"/>
<point x="511" y="314"/>
</points>
</Connector>
<Connector class="oracle.dbtools.crest.swingui.relational.TVFKRelation" oid="F4F08047-7841-5E88-FF5B-D16DBB67EAF0" otype="FKIndexAssociation" vid_source="F17E2452-0585-09B8-2A94-D2AAEBB469D3" vid_target="432A17FA-B08B-1710-37AD-1A76360B7E27">
<hideElementsInCurrentOnly>false</hideElementsInCurrentOnly>
<lineWidth>1</lineWidth>
<points>
<point x="257" y="523"/>
<point x="224" y="523"/>
</points>
</Connector>
</connectors>
</Diagram>