<?xml version = '1.0' encoding = 'UTF-8'?>
<relationalModel class="oracle.dbtools.crest.model.design.relational.RelationalDesign" name="Relational_1" id="0641CCBA-F858-77A3-6780-B2DCFE78AF5E" mainViewID="CE2BE92C-BC8B-9906-7476-111A727FECCE">
<createdBy>user</createdBy>
<createdTime>2016-10-15 20:55:51 UTC</createdTime>
<ownerDesignName>Projeto_Gamification</ownerDesignName>
<shouldBeOpen>true</shouldBeOpen>
<selectedRDBMSSite>32076570-2523-435C-2E92-BF29817DFF70</selectedRDBMSSite>
</relationalModel>